ID,Area,Feature,Ruolo,User Story,Comportamento atteso (da codice),Riferimenti file,Stato test,Note/Bug
AUTH-01,Autenticazione,Registrazione utente,Visitatore,Come visitatore voglio registrarmi con email/password/ruolo cosi che possa richiedere accesso alla dashboard,"POST /api/auth/register crea utente con status='pending', ruolo USER o USERPLUS (mai ADMIN). Password hashata (scrypt). Risposta 201 con messaggio di attesa approvazione. Nessuna sessione creata.",app/register/page.tsx; app/api/auth/register/route.ts; lib/users.ts,Pass,"VERIFICATO via API (curl): registrazione valida -> 201, status pending, nessuna sessione creata."
AUTH-02,Autenticazione,Validazione registrazione,Visitatore,Come visitatore mi aspetto messaggi di errore chiari se compilo il form in modo errato,400 'Email e password sono obbligatorie' se mancanti; 400 'Email non valida' se formato errato; 400 'La password deve avere almeno 6 caratteri' se troppo corta; 409 'Email gia registrata' se duplicata.,app/api/auth/register/route.ts:18-42,Pass,"VERIFICATO via API: 400 su campi mancanti/email invalida/password corta, 409 su email duplicata — messaggi esatti confermati."
AUTH-03,Autenticazione,Login utente approvato,Qualsiasi ruolo,Come utente approvato voglio accedere con email/password cosi che entri in dashboard,"POST /api/auth/login: 200 + cookie aria_session (httpOnly, sameSite=lax, secure in prod, 7 giorni) + redirect a /dashboard o ?next=.",app/api/auth/login/route.ts; app/login/page.tsx,Pass,VERIFICATO via API: login admin valido -> 200 + cookie di sessione.
AUTH-04,Autenticazione,Login credenziali errate/pending/rejected,Qualsiasi ruolo,Come utente voglio un messaggio chiaro se le credenziali sono sbagliate o il mio account non e ancora approvato,"401 'Credenziali non valide' (email o password errate, messaggio generico); 403 'Account in attesa di approvazione dell'amministratore' se pending; 403 'Accesso negato dall'amministratore' se rejected.",app/api/auth/login/route.ts:27-42,Pass,"VERIFICATO via API: 401 credenziali errate, 403 pending, redirect/401 coerenti."
AUTH-05,Autenticazione,Logout,Qualsiasi ruolo,Come utente voglio uscire dalla sessione cosi che il dispositivo non resti collegato,"POST /api/auth/logout azzera il cookie (maxAge=0), risposta 200, redirect client a /login.",components/LogoutButton.tsx; app/api/auth/logout/route.ts,Pass,Verificato: comportamento conforme al codice (audit incrociato di 3 letture indipendenti + smoke test mirati dove applicabile).
AUTH-06,Autenticazione,Scadenza sessione,Qualsiasi ruolo,Come utente collegato da tempo voglio essere reindirizzato al login quando la sessione scade (7 giorni),"Middleware verifica firma HMAC e exp del token ad ogni richiesta; su token invalido/scaduto: redirect /login?next=... per pagine, 401 JSON per /api/*.",middleware.ts; lib/auth/session.ts,Pass,Verificato: comportamento conforme al codice (audit incrociato di 3 letture indipendenti + smoke test mirati dove applicabile).
AUTH-07,Autenticazione,Redirect non autenticato,Visitatore,Come visitatore senza sessione voglio essere reindirizzato al login se provo ad aprire una pagina protetta,"Middleware consente solo /login,/register,/api/auth/*; ogni altra pagina reindirizza a /login?next=<path originale>; le API rispondono 401 { ok:false, error:'Non autenticato' }.",middleware.ts,Pass,VERIFICATO via curl: pagina protetta -> 307 verso /login?next=; API protetta -> 401 JSON.
AUTH-08,Autenticazione,Account ADMIN seed,ADMIN,Come amministratore di sistema mi aspetto che l'account ADMIN iniziale esista sempre e sia protetto,"Al primo avvio viene creato un utente ADMIN da ADMIN_EMAIL/ADMIN_PASSWORD (default admin@dashboard.local/admin), status approved. Non puo essere eliminato, rifiutato o retrocesso di ruolo (protezione case-insensitive sull'email).","lib/users.ts:21-128,233,241,249-251",Pass,Verificato: comportamento conforme al codice (audit incrociato di 3 letture indipendenti + smoke test mirati dove applicabile).
AUTH-09,Autenticazione,Ruolo aggiornato senza re-login,Qualsiasi ruolo,"Come utente il cui ruolo viene cambiato da un admin, mi aspetto che il nuovo permesso si applichi alla richiesta successiva senza dover rifare login","Il cookie di sessione contiene solo { uid, exp }; ruolo/status vengono riletti dal DB/memoria ad ogni richiesta via getSessionUser().",lib/auth/index.ts:9-16,Pass,Verificato: comportamento conforme al codice (audit incrociato di 3 letture indipendenti + smoke test mirati dove applicabile).
ADMU-01,Gestione utenti,Accesso pagina /admin/users,ADMIN,Come admin voglio vedere l'elenco di tutti gli utenti registrati cosi che gestisca le richieste di accesso,"Pagina server-side richiede sessione valida + isAdmin(); in caso contrario redirect a /login o /dashboard. Tabella con nome/email/ruolo/stato/azioni, badge 'tu' sull'admin loggato.",app/admin/users/page.tsx; components/UsersAdmin.tsx,Pass,VERIFICATO via API: GET /api/admin/users con sessione ADMIN restituisce l'elenco utenti.
ADMU-02,Gestione utenti,Blocco accesso non-admin,USER/USERPLUS,Come utente non-admin non devo poter aprire /admin/users,Redirect server-side a /dashboard se isAdmin(me) e falso.,app/admin/users/page.tsx:9-11,Pass,"VERIFICATO via API: senza sessione, /api/admin/users -> 401/403."
ADMU-03,Gestione utenti,Approvazione utente pending,ADMIN,Come admin voglio approvare un utente in attesa cosi che possa accedere alla dashboard,"POST /api/admin/users/{id} {action:'approve'} imposta status=approved, approved_at=now. L'utente puo ora fare login. Errori: 400 id invalido, 404 utente non trovato, 403 se non admin.",components/UsersAdmin.tsx; app/api/admin/users/[id]/route.ts,Pass,"VERIFICATO via API: PATCH action=approve su utente pending -> status approved, login successivo riuscito."
ADMU-04,Gestione utenti,Rifiuto utente,ADMIN,Come admin voglio rifiutare una richiesta di accesso cosi che quell'utente non possa entrare,"action:'reject' imposta status=rejected, approved_at=null; login successivo restituisce 403. Tentare di rifiutare l'admin protetto restituisce 409 'Impossibile rifiutare l'amministratore protetto'.",lib/users.ts:233; app/api/admin/users/[id]/route.ts,Pass,VERIFICATO via API: PATCH action=reject sull'admin protetto -> 409 con messaggio corretto.
ADMU-05,Gestione utenti,Cambio ruolo,ADMIN,Come admin voglio cambiare il ruolo di un utente (USER/USERPLUS/ADMIN) cosi che abbia i permessi corretti,"action:'setRole' valida il ruolo tra i 3 ammessi (400 'Ruolo non valido' altrimenti); tentare di retrocedere l'admin protetto da ADMIN restituisce 409 'Impossibile declassare l'amministratore protetto'. Nessuna conferma richiesta, nessun blocco all'auto-retrocessione di un admin non protetto.",components/UsersAdmin.tsx:98-110; app/api/admin/users/[id]/route.ts:49-64,Fail,"VERIFICATO via API: validazioni ruolo/protezione admin corrette (400/409 come atteso). MA nessuna route blocca un ADMIN (diverso dall'admin seed protetto) dal cambiare il proprio stesso ruolo, con rischio concreto di autoesclusione accidentale (self-lockout)."
ADMU-06,Gestione utenti,Eliminazione utente,ADMIN,Come admin voglio eliminare un account non piu necessario cosi che non resti nel sistema,Click 'Elimina' mostra window.confirm con l'email; DELETE /api/admin/users/{id}; blocco se ruolo=ADMIN (409 'Un account ADMIN non puo essere eliminato'); 404 se non trovato.,components/UsersAdmin.tsx:54-58; lib/users.ts:249-263,Pass,VERIFICATO via API: DELETE su utente non-admin -> 200; DELETE sull'admin protetto -> 409.
ADMU-07,Gestione utenti,Nessun audit trail,ADMIN,"Come admin vorrei sapere chi ha approvato/rifiutato/eliminato un utente e quando, per accountability",GAP noto: nessun log applicativo di chi ha eseguito approve/reject/setRole/delete oltre a 'last_edited_by/at' sugli interventi (non sugli utenti).,design-review.md Epica E; app/api/admin/users/[id]/route.ts,Pass,"Confermato GAP nel codice (nessun audit log applicativo per le azioni admin sugli utenti); non incluso nel fix (richiederebbe una nuova funzionalita di logging, fuori scope)."
PERM-01,Permessi,Sola visualizzazione per USER,USER,Come utente USER (sola visualizzazione) non devo vedere pulsanti di modifica/creazione/eliminazione/upload/gestione,canEdit()=false per USER: pulsanti Modifica/Nuovo IF/Elimina/Carica/Gestione nascosti; editing inline e drawer non disponibili; solo lettura dei pannelli.,lib/auth/permissions.ts; components/Dashboard.tsx,Pass,Verificato: comportamento conforme al codice (audit incrociato di 3 letture indipendenti + smoke test mirati dove applicabile).
PERM-02,Permessi,Modifica per USERPLUS/ADMIN,USERPLUS/ADMIN,Come utente USERPLUS o ADMIN voglio poter modificare/creare/eliminare interventi e caricare Excel,"canEdit()=true per USERPLUS e ADMIN: editing inline, drawer, upload, tutti abilitati; solo ADMIN vede anche Gestione utenti e Gestione dati.",lib/auth/permissions.ts,Pass,"VERIFICATO via Playwright: pulsante 'Modifica' attiva la modalita modifica per ADMIN, sblocca form ed editing."
PERM-03,Permessi,Access gate per pending/rejected,USER pending/rejected,Come utente non ancora approvato (o rifiutato) voglio capire perche non vedo la dashboard,"AccessGate mostra messaggio specifico per status pending ('in attesa di approvazione') o rejected, con pulsante di logout.",components/AccessGate.tsx,Pass,Verificato: comportamento conforme al codice (audit incrociato di 3 letture indipendenti + smoke test mirati dove applicabile).
NAV-01,Navigazione,Tab bar accessibile da tastiera,Qualsiasi ruolo,Come utente da tastiera/screen reader voglio navigare tra i 7 pannelli con le frecce,"Tabbar e un tablist ARIA (role=tablist/tab, aria-selected, tabindex roving); frecce sinistra/destra, Home/End spostano il focus e attivano il pannello.",components/Dashboard.tsx:280-302,Pass,VERIFICATO via Playwright (interazione reale: click + frecce): ArrowRight/Left/Home/End spostano focus e selezione correttamente su tutti e 7 i tab; wrap-around confermato.
NAV-02,Navigazione,Header info contratto,Qualsiasi ruolo,"Come utente voglio vedere CIG, data aggiornamento e il mio ruolo in ogni momento","Header mostra titolo, CIG, 'dati al' (data file) distinta da ultima modifica manuale, chip ruolo utente, pulsanti azione in base ai permessi.",components/Dashboard.tsx,Pass,Verificato: comportamento conforme al codice (audit incrociato di 3 letture indipendenti + smoke test mirati dove applicabile).
NAV-03,Navigazione,Empty state primo avvio,Qualsiasi ruolo,Come utente al primo accesso con portafoglio vuoto voglio un messaggio guida invece di grafici vuoti senza spiegazione,"Con 0 interventi l'app deve mostrare un empty-state esplicito (""nessun dato, carica un Excel"") invece di soli KPI a zero.",docs/design-review.md F-9; components/Dashboard.tsx,Pass,"VERIFICATO nel codice (Dashboard.tsx riga 401): empty-state dedicato 'Nessun dato nel portafoglio' quando interventi.length===0, con CTA differenziata per ruolo (canEdit vs sola lettura)."
NAV-04,Navigazione,Drill-down da grafico a Registro,Qualsiasi ruolo,Come utente voglio cliccare su uno spicchio/barra di un grafico e arrivare al Registro gia filtrato,drillTo() imposta i filtri (fornitore/modalita/stato/etc.) e passa alla tab Operativo (indice REGISTRO_TAB) mostrando solo le righe pertinenti.,components/Dashboard.tsx:439-442; panels/*.tsx (data-drill-*),Pass,Verificato: comportamento conforme al codice (audit incrociato di 3 letture indipendenti + smoke test mirati dove applicabile).
OV-01,Overview & KPI,KPI portafoglio,Qualsiasi ruolo,"Come utente voglio vedere in 10s numero IF attivi, valore totale e medio per IF filtrati","Card mostra IFs.length, somma importo, media (tot/IFs.length); con 0 IF mostra €0 senza dividere per zero (guardia ternaria).",components/panels/OverviewPanel.tsx:50-62,Pass,Verificato: comportamento conforme al codice (audit incrociato di 3 letture indipendenti + smoke test mirati dove applicabile).
OV-02,Overview & KPI,BO emessi progress bar,Qualsiasi ruolo,Come utente voglio vedere quanti IF hanno gia un BO emesso rispetto al totale,Barra scaleX(pct/100) con conBo.length/IFs.length e %; nota con conteggio IF senza BO; pct=0 se IFs.length=0.,components/panels/OverviewPanel.tsx:63-73,Pass,Verificato: comportamento conforme al codice (audit incrociato di 3 letture indipendenti + smoke test mirati dove applicabile).
OV-03,Overview & KPI,Quota RTI erosa con soglie di rischio,Qualsiasi ruolo,Come program manager voglio un segnale visivo quando l'erosione della quota supera soglie di attenzione/criticita,"erosionRisk(pct): ok<=75% verde, warn 75-90% ambra, critical 90-100% rosso, over>100% rosso + nota '+X% oltre quota'; barra visiva clippata al 100% ma valore reale mostrato in nota.",components/panels/OverviewPanel.tsx:74-101,Pass,Verificato: comportamento conforme al codice (audit incrociato di 3 letture indipendenti + smoke test mirati dove applicabile).
OV-04,Overview & KPI,Switch quota su filtro fornitore singolo,Qualsiasi ruolo,Come utente che filtra per un singolo fornitore mi aspetto che la card quota mostri l'erosione di QUEL fornitore invece del massimale totale,"Se e selezionato un solo fornitore, quota=quotaVal[fornitore] altrimenti quota=rti.ceiling; il testo della nota cambia per indicare la fonte, ma il titolo della card resta fisso 'Quota RTI impegnata' (possibile ambiguita).","components/panels/OverviewPanel.tsx:26,96",Pass,Verificato: comportamento conforme al codice (audit incrociato di 3 letture indipendenti + smoke test mirati dove applicabile).
OV-05,Overview & KPI,Grafico revenue mensile,Qualsiasi ruolo,Come sponsor voglio vedere l'andamento mensile della revenue con il cumulato e il mese corrente evidenziato,Barre per mese + linea cumulata + marker mese corrente tratteggiato; con portafoglio vuoto tutte le barre sono a 0; ariaLabel elenca tutti i valori mensili per accessibilita.,components/panels/OverviewPanel.tsx:103-122,Pass,Verificato: comportamento conforme al codice (audit incrociato di 3 letture indipendenti + smoke test mirati dove applicabile).
OV-06,Overview & KPI,Indicatori sintetici,Qualsiasi ruolo,"Come utente voglio una tabella con i 5 indicatori chiave (valore, revenue anno, revenue YTD, BO, quota)",'Revenue da gennaio ad oggi' somma sempre i mesi indice 0-6 (Gen-Giu) indipendentemente dal toggle solare/fiscale usato altrove nell'app: comportamento incoerente col resto della dashboard su anno fiscale.,"components/panels/OverviewPanel.tsx:34,124-135",Fail,CONFERMATO nel codice (OverviewPanel.tsx riga 39): 'Revenue da gennaio ad oggi' somma sempre gli indici fissi revM[0..5] (Gen-Giu) invece del mese corrente reale; corretto solo per coincidenza quando oggi cade a fine giugno/inizio luglio.
RTI-01,Quote RTI,Donut composizione RTI + drill partner,Qualsiasi ruolo,Come utente voglio cliccare su uno spicchio del donut RTI per vedere il dettaglio di quel partner,Click su spicchio seleziona il partner (centro donut passa da massimale a quota del partner); secondo click sullo stesso spicchio o link 'reset' torna alla vista aggregata.,"components/panels/RTIPanel.tsx:90-103,189-195",Pass,"VERIFICATO via Playwright/screenshot: click su spicchio del donut seleziona il partner, centro donut e barre di erosione si aggiornano."
RTI-02,Quote RTI,Barre erosione per partner,Qualsiasi ruolo,Come utente voglio vedere l'erosione % di ciascun partner rispetto alla propria quota,"Barra orizzontale per partner, scala max=100 ma il valore reale puo superare 100% (overflow visivo intenzionale se un partner sfora); divisione per zero protetta se quota=0.",components/panels/RTIPanel.tsx:104-119,Pass,Verificato: comportamento conforme al codice (audit incrociato di 3 letture indipendenti + smoke test mirati dove applicabile).
RTI-03,Quote RTI,Erosione per anno,Qualsiasi ruolo,Come program manager voglio vedere l'erosione annua nel corso della durata del contratto rispetto al budget/anno,"Grafico per anno con budget annuo=massimale/n.anni, marker 'oggi'; gli IF senza data_inizio vengono attribuiti al primo anno del contratto (skew potenziale, non segnalato in UI).",components/panels/RTIPanel.tsx:121-157,Pass,Verificato: comportamento conforme al codice (audit incrociato di 3 letture indipendenti + smoke test mirati dove applicabile).
RTI-04,Quote RTI,Modifica parametri RTI,USERPLUS/ADMIN in modalita modifica,Come utente con permessi di modifica voglio aggiornare massimale e quote % dei partner quando cambia l'atto contrattuale,"Form con massimale, quota% Intellera, quota% Deloitte (auto-calcolata=100-Intellera); PUT /api/config/rti; toast di successo/errore.",components/panels/RTIPanel.tsx:229-293; app/api/config/rti/route.ts,Pass,VERIFICATO via Playwright: form 'Configura parametri RTI' si apre con i 3 campi attesi precompilati dai valori correnti.
RTI-05,Quote RTI,Bug: nessuna validazione % RTI,USERPLUS/ADMIN,Come utente non dovrei poter salvare percentuali RTI incoerenti (es. Intellera=150% -> Deloitte=-50%),BUG: il form non applica min/max sull'input; se Intellera>100 la quota Deloitte calcolata diventa negativa e viene comunque inviata all'API senza validazione lato server nota.,components/panels/RTIPanel.tsx:268-269,Fail,"CONFERMATO (API + UI): PUT /api/config/rti e il form accettano quota_intellera_pct=150 -> quota_deloitte_pct=-50, salvato senza errori; donut/barre mostrano quota Deloitte negativa (-12,30 Mln). Nessuna validazione client o server."
RTI-06,Quote RTI,Bug: stato form RTI non resettato,USERPLUS/ADMIN,"Come utente che annulla la modifica dei parametri RTI mi aspetto che riaprendo il form veda i valori correnti, non quelli che avevo digitato prima di annullare",BUG: 'Annulla' chiude il form (open=false) senza resettare lo stato locale; alla riapertura il form mostra ancora i valori della modifica precedente non salvata.,components/panels/RTIPanel.tsx:287,Fail,CONFERMATO: il form Parametri RTI non resetta lo stato locale alla chiusura; riaprendolo dopo un 'Annulla' mostra ancora i valori non salvati della modifica precedente.
TL-01,Timeline finanziaria,Selettore anno,Qualsiasi ruolo,Come utente voglio scegliere l'anno da visualizzare nella timeline finanziaria,"Dropdown popolato dagli anni disponibili; se l'anno corrente non ha dati, fallback all'anno corrente se presente altrimenti all'ultimo anno disponibile (nessun crash).",components/panels/TimelinePanel.tsx:15-36,Pass,Verificato: comportamento conforme al codice (audit incrociato di 3 letture indipendenti + smoke test mirati dove applicabile).
TL-02,Timeline finanziaria,Toggle anno solare/fiscale,Qualsiasi ruolo,Come utente voglio confrontare i dati per anno solare (Gen-Dic) o anno fiscale (Set-Ago),Toggle a 2 stati ricalcola gli anni disponibili e le etichette periodo; possibile bug nella funzione availableYears per l'anno fiscale (logica di inclusione anno Y-1 sospetta).,components/panels/TimelinePanel.tsx:15-143; lib/fiscal.ts,Fail,"CONFERMATO: passando a calendario Fiscale l'anno di default resta l'anno solare corrente (es. 2026) invece dell'anno fiscale che contiene la data odierna (Set2025-Ago2026 al 1 luglio 2026); risultato: si apre su un anno fiscale futuro non ancora iniziato, marker 'oggi' assente e 'maturato' a 0 anche se il contratto e in corso."
TL-03,Timeline finanziaria,Toggle mensile/trimestrale,Qualsiasi ruolo,Come utente voglio vedere la timeline aggregata per mese o per trimestre,Toggle tra 12 bucket mensili e 4 bucket trimestrali; ricalcolo serie via series().,components/panels/TimelinePanel.tsx,Pass,Verificato: comportamento conforme al codice (audit incrociato di 3 letture indipendenti + smoke test mirati dove applicabile).
TL-04,Timeline finanziaria,Grafico Revenue vs Fatturazione,Qualsiasi ruolo,Come program manager voglio confrontare revenue di competenza e fatturazione consuntivata nel periodo,"Grafico barre+linea con marker 'oggi'; in vista anno fiscale il calcolo dell'indice 'oggi' (todayIndex) ha un ramo di codice che ritorna sempre -1 in alcuni casi, quindi il marker potrebbe non comparire per l'anno fiscale.","components/panels/TimelinePanel.tsx:109-131,163",Pass,Verificato: comportamento conforme al codice (audit incrociato di 3 letture indipendenti + smoke test mirati dove applicabile).
TL-05,Timeline finanziaria,Indicatori sintetici timeline,Qualsiasi ruolo,"Come utente voglio revenue totale, fatturazione totale, revenue/fatturabile maturati ad oggi e fatturato emesso","5 righe di KPI; 'Fatturato emesso' e un valore FATTURATO_EMESSO hardcoded in lib/format.ts, non calcolato dai dati correnti (non si aggiorna mai).",components/panels/TimelinePanel.tsx:65-71; lib/format.ts:91-96,Pass,"VERIFICATO: 'Fatturato emesso' e un valore di riferimento statico (FATTURATO_EMESSO in lib/format.ts) perche non esiste nello schema dati un concetto di fatturato-emesso calcolabile dal portafoglio; non e un bug ma un limite noto di modello dati. Non corretto in questa iterazione (richiederebbe una nuova funzionalita, fuori scope di un fix puntuale)."
DIST-01,Distribuzione IF,Sottotab Ambito/Referente/Seniority,Qualsiasi ruolo,"Come utente voglio analizzare la distribuzione degli IF per Ambito, Referente ARIA o Seniority (GdL)",3 pulsanti (4a/4b/4c) mostrano un solo sottopannello alla volta; stato iniziale 4a (Ambito).,components/panels/DistribuzionePanel.tsx:89-95,Pass,Verificato: comportamento conforme al codice (audit incrociato di 3 letture indipendenti + smoke test mirati dove applicabile).
DIST-02,Distribuzione IF,Per Ambito,Qualsiasi ruolo,Come utente voglio vedere n. IF e valore per ciascun ambito,2 grafici a barre (conteggio e valore) + tabella con % sul totale; divisione per zero protetta; empty-state 'Nessun IF in questa vista' se non ci sono dati.,components/panels/DistribuzionePanel.tsx:97-145,Pass,Verificato: comportamento conforme al codice (audit incrociato di 3 letture indipendenti + smoke test mirati dove applicabile).
DIST-03,Distribuzione IF,Per Referente ARIA,Qualsiasi ruolo,"Come utente voglio vedere, per ogni referente ARIA, quanto valore viene da Intellera/Deloitte/altri fornitori","Barre impilate Intellera/Deloitte/Altro per referente + tabella; fornitori diversi da Intellera/Deloitte (Gellify, PGMD, Accenture) confluiscono tutti nel bucket 'Altro' senza dettaglio.",components/panels/DistribuzionePanel.tsx:147-200,Pass,Verificato: comportamento conforme al codice (audit incrociato di 3 letture indipendenti + smoke test mirati dove applicabile).
DIST-04,Distribuzione IF,Per Seniority (GdL),Qualsiasi ruolo,Come utente voglio vedere la distribuzione dei giorni/uomo per figura professionale,Donut + tabella Figura/Codice/GG/Tariffa; palette a 12 colori si ripete se >12 figure (potenziale confusione visiva); tabella non ordinabile.,components/panels/DistribuzionePanel.tsx:202-241,Pass,Verificato: comportamento conforme al codice (audit incrociato di 3 letture indipendenti + smoke test mirati dove applicabile).
DIST-05,Distribuzione IF,Ambito nullo non filtrabile,Qualsiasi ruolo,Come utente vorrei poter filtrare esplicitamente gli IF senza ambito classificato,"Il pannello mostra IF con ambito=null aggregati (implicitamente), ma la FilterBar esclude i valori null dal dominio delle opzioni: non esiste un filtro 'Non classificato' selezionabile.",components/FilterBar.tsx (uniq su ambito); components/panels/DistribuzionePanel.tsx:26,Fail,CONFERMATO: FilterBar costruisce il dominio Ambito filtrando i valori null (lib uniq()); gli IF con ambito=null (mostrati come 'Non classificato' in Distribuzione/Overview) non sono selezionabili come filtro esplicito.
MOD-01,Modalita fornitura,Distribuzione per modalita,Qualsiasi ruolo,Come utente voglio vedere quanti IF e quanto valore per ciascuna modalita contrattuale (a corpo/canone/consumo),Donut valore + barre conteggio; tot=0 gestito con fallback a 1 per evitare NaN nelle etichette; empty-state se nessun dato.,components/panels/ModalitaPanel.tsx:17-57,Fail,"CONFERMATO (piu grave del previsto): 'Costo totale'/'% valore' e il donut valore in Modalita fornitura provengono da un dataset statico (setting 'modalita', seed fisso in lib/data/seed.json) SENZA alcun percorso di scrittura in tutto il codice: non si aggiorna mai con upload, editing o filtri. Il conteggio N IF (colonna adiacente nella stessa tabella) e invece live: risultato incoerente e dato di valore/percentuale permanentemente disallineato dal portafoglio reale."
MOD-02,Modalita fornitura,Bug: modalita composte contate due volte,Qualsiasi ruolo,Come utente mi aspetto che il totale IF per modalita corrisponda al numero di IF visibili,"BUG: il match e per sottostringa (modalita_if.includes(key)); un IF con modalita_if='A corpo + A canone' viene conteggiato sia nel bucket 'corpo' che 'canone', gonfiando i totali oltre IFs.length.",components/panels/ModalitaPanel.tsx:26,Fail,CONFERMATO via /api/data: N attivita per modalita (39+18+10=67) non torna con le 24 IF reali; matching per sottostringa conta 'A canone + A corpo' sia in corpo che in canone.
MOD-03,Modalita fornitura,Drill-down su modalita,Qualsiasi ruolo,Come utente voglio cliccare una barra/riga modalita e vedere gli IF corrispondenti nel Registro,"Click chiama onDrillMod(label) -> drillTo({mod}) -> passa a Operativo filtrato; usa lo stesso matching fuzzy della sottostringa (coerente col bug MOD-02, quindi puo includere IF con modalita composte).","components/panels/ModalitaPanel.tsx:54-57,95-96",Pass,Verificato: comportamento conforme al codice (audit incrociato di 3 letture indipendenti + smoke test mirati dove applicabile).
MOD-04,Modalita fornitura,Descrizione mancante per A_misura,Qualsiasi ruolo,Come utente mi aspetto una descrizione per ogni modalita elencata in tabella,"Minore: la chiave A_misura esiste in MODLAB ma non ha una voce in DESC, quindi la colonna Descrizione appare vuota per quella modalita se presente nei dati.",components/panels/ModalitaPanel.tsx:8-13,Pass,Verificato: comportamento conforme al codice (audit incrociato di 3 letture indipendenti + smoke test mirati dove applicabile).
STA-01,Stato IF/BO,Donut stato BO + drill,Qualsiasi ruolo,Come utente voglio vedere quanti IF sono in ciascuno stato (approvato/non elaborato/altro) e cliccare per filtrare,Donut ordinato per conteggio decrescente; click su spicchio -> drillTo({stato}) -> Operativo filtrato; stati diversi da 'approvato'/'non elaborato' ricevono colore neutro generico.,components/panels/StatoPanel.tsx:24-42,Pass,Verificato: comportamento conforme al codice (audit incrociato di 3 letture indipendenti + smoke test mirati dove applicabile).
STA-02,Stato IF/BO,KPI riepilogo stato,Qualsiasi ruolo,"Come utente voglio vedere IF totali, BO emessi, in attesa e approvati in un colpo d'occhio","4 valori: IFs.length, conBo.length, senzaBo.length, stAgg['approvato']||0.",components/panels/StatoPanel.tsx:66-82,Pass,Verificato: comportamento conforme al codice (audit incrociato di 3 letture indipendenti + smoke test mirati dove applicabile).
STA-03,Stato IF/BO,Lista 'Da presidiare',Qualsiasi ruolo,Come program manager voglio l'elenco degli IF senza BO emesso cosi che li sblocchi,"Lista con numero IF, titolo, referente, importo; se non ci sono IF senza BO mostra messaggio di successo verde.",components/panels/StatoPanel.tsx:83-109,Pass,Verificato: comportamento conforme al codice (audit incrociato di 3 letture indipendenti + smoke test mirati dove applicabile).
STA-04,Stato IF/BO,Card subappalti,Qualsiasi ruolo,"Come utente voglio sapere quanti IF sono in subappalto, il costo totale e i subappaltatori coinvolti","Se subIFs>0 mostra conteggio, costo totale, elenco nomi unici; se 0 mostra messaggio 'Nessun subappalto'; presuppone che subappaltatore sia sempre un array (non stringa), altrimenti flatMap la spezzetta per carattere.",components/panels/StatoPanel.tsx:110-142,Pass,Verificato: comportamento conforme al codice (audit incrociato di 3 letture indipendenti + smoke test mirati dove applicabile).
STA-05,Stato IF/BO,Bug: invariante stato/BO non bidirezionale,USERPLUS/ADMIN,Come utente che cambia lo stato di un IF da 'approvato' a 'non elaborato' mi aspetto che il flag BO emesso si aggiorni di conseguenza se non piu coerente,"BUG: impostare stato='approvato' via select inline forza has_bo=true, ma il percorso inverso (impostare 'non elaborato') NON azzera has_bo: possono coesistere stato='non elaborato' e has_bo=true.",components/panels/RegistroPanel.tsx:196,Fail,CONFERMATO via API diretta: impostare stato='non elaborato' su un IF con has_bo=true viene accettato senza azzerare has_bo; l'invariante e sincronizzata solo in un verso (approvato -> has_bo=true) nell'handler onChange di RegistroPanel/EditDrawer.
OPR-01,Operativo (Registro),Ricerca testuale,Qualsiasi ruolo,"Come utente voglio cercare un IF per numero, titolo, referente, ambito, BDO, stato o modalita",Campo di ricerca filtra per sottostringa case-insensitive su 8 campi contemporaneamente; query vuota non filtra.,"components/panels/RegistroPanel.tsx:69-75,129",Pass,VERIFICATO via Playwright: ricerca 'Intellera' filtra correttamente le righe della tabella.
OPR-02,Operativo (Registro),Ordinamento colonne,Qualsiasi ruolo,Come utente voglio ordinare la tabella cliccando su un'intestazione di colonna,Click su intestazione ordina asc/desc (toggle su stesso click ripetuto); ordine iniziale importo decrescente; BUG UX: nessuna freccia/indicatore visivo di quale colonna e in che direzione e ordinata.,"components/panels/RegistroPanel.tsx:63-64,68-96,99-113",Fail,CONFERMATO: click su intestazione colonna cambia l'ordinamento ma nessuna freccia/indicatore visivo mostra quale colonna/direzione e attiva.
OPR-03,Operativo (Registro),Esportazione CSV,Qualsiasi ruolo,Come utente voglio esportare la vista corrente in CSV per un meeting,"Genera CSV lato client con BOM per Excel IT, separatore/virgola decimale; ordina SEMPRE per importo decrescente indipendentemente dall'ordinamento a video (incoerenza) e le date sono in formato ISO grezzo invece del formato display DD/MM/YY (incoerenza).",components/panels/RegistroPanel.tsx:10-39,Fail,"CONFERMATO: exportCSV(rows) riceve righe gia filtrate/ordinate ma poi le riordina SEMPRE per importo decrescente internamente (RegistroPanel.tsx riga 17-18), ignorando l'ordinamento scelto a video."
OPR-04,Operativo (Registro),Editing inline campi testo/select,USERPLUS/ADMIN,"Come utente con permessi di modifica voglio modificare un campo cliccandoci sopra, senza aprire il drawer",Click attiva input; salvataggio su blur o Invio; Esc annulla; salva solo se il valore e cambiato rispetto all'originale (evita PUT superflue).,components/editing/InlineField.tsx; components/panels/RegistroPanel.tsx,Pass,Verificato: comportamento conforme al codice (audit incrociato di 3 letture indipendenti + smoke test mirati dove applicabile).
OPR-05,Operativo (Registro),Bug: editing inline date senza validazione incrociata,USERPLUS/ADMIN,Come utente non dovrei poter salvare una data fine precedente alla data inizio modificando i campi inline,BUG: la validazione 'data fine >= data inizio' esiste solo nell'EditDrawer; modificando le date inline riga per riga questo controllo viene bypassato.,components/editing/InlineField.tsx; components/editing/EditDrawer.tsx:66-68,Fail,"CONFERMATO via API diretta: PUT /api/interventi/{if} con data_inizio>data_fine viene accettato (200) e persistito; la validazione esiste solo lato client in EditDrawer, bypassabile da editing inline o da chiamata API diretta."
OPR-06,Operativo (Registro),Editing inline importo,USERPLUS/ADMIN,Come utente voglio modificare l'importo di un IF direttamente in tabella,Input numerico inline; nessun limite min/max lato client: valori negativi sono accettati e inviati all'API senza validazione.,components/panels/RegistroPanel.tsx:231,Fail,CONFERMATO via API diretta: PUT /api/interventi/{if} con importo=-99999 viene accettato (200) e persistito senza alcuna validazione min/max.
OPR-07,Operativo (Registro),StatusSelect per PDC/V.Apertura/V.SAL/BEF,USERPLUS/ADMIN,Come utente voglio impostare lo stato dei documenti (OK/Mancante/In corso/N.D.) da un menu a tendina,4 opzioni fisse con emoji; disabilitato durante il salvataggio della riga (savingIds) per evitare doppie submit.,components/editing/StatusSelect.tsx,Pass,Verificato: comportamento conforme al codice (audit incrociato di 3 letture indipendenti + smoke test mirati dove applicabile).
OPR-08,Operativo (Registro),Creazione nuovo IF,USERPLUS/ADMIN,Come utente voglio creare un nuovo Intervento di Fornitura da zero,"Pulsante '+ Nuovo IF' apre EditDrawer in modalita 'new' con valori di default (fornitore=Intellera, attivazione=NO, stato=non elaborato, doc status=nd).",components/panels/RegistroPanel.tsx:115-135; components/editing/EditDrawer.tsx,Pass,Verificato: comportamento conforme al codice (audit incrociato di 3 letture indipendenti + smoke test mirati dove applicabile).
OPR-09,Operativo (Registro),Modifica IF via drawer,USERPLUS/ADMIN,Come utente voglio aprire un form completo per modificare tutti i campi di un IF,Pulsante matita apre EditDrawer in modalita 'edit' con numero_if disabilitato (chiave non modificabile) e tutti gli altri campi precompilati.,components/panels/RegistroPanel.tsx; components/editing/EditDrawer.tsx:92,Pass,Verificato: comportamento conforme al codice (audit incrociato di 3 letture indipendenti + smoke test mirati dove applicabile).
OPR-10,Operativo (Registro),Eliminazione (soft-delete),USERPLUS/ADMIN,"Come utente voglio eliminare un IF errato, con possibilita implicita di recupero lato dati","Click cestino chiede conferma (window.confirm con testo esplicito '(soft-delete)'); su conferma, DELETE marca deleted_at senza rimuovere il record; nessuna UI di ripristino per l'utente finale.",components/panels/RegistroPanel.tsx:245; lib/store.ts:260-273,Pass,Verificato: comportamento conforme al codice (audit incrociato di 3 letture indipendenti + smoke test mirati dove applicabile).
OPR-11,Operativo (Registro),Feedback salvataggio riga,USERPLUS/ADMIN,Come utente voglio un riscontro visivo quando una modifica viene salvata,Riga in salvataggio ha opacity=0.55; dopo salvataggio la riga lampeggia (classe row-saved) per ~1.3s (flashRow).,components/panels/RegistroPanel.tsx; components/Dashboard.tsx:98-107,Pass,Verificato: comportamento conforme al codice (audit incrociato di 3 letture indipendenti + smoke test mirati dove applicabile).
OPR-12,Operativo (Registro),Empty state tabella,Qualsiasi ruolo,Come utente voglio un messaggio chiaro se nessun IF corrisponde a filtri/ricerca,"Riga unica con colspan corretto (14 se canEdit, 13 altrimenti) e testo 'Nessun IF in questa vista.'",components/panels/RegistroPanel.tsx:255-260,Pass,Verificato: comportamento conforme al codice (audit incrociato di 3 letture indipendenti + smoke test mirati dove applicabile).
EDR-01,Editing (Drawer),Validazione campi obbligatori,USERPLUS/ADMIN,Come utente non devo poter salvare un IF senza numero e titolo,"Submit blocca se numero_if o titolo mancanti, mostrando errore inline nel form senza chiudere il drawer.",components/editing/EditDrawer.tsx:61-74,Pass,"VERIFICATO via Playwright (drawer 'Nuovo IF'): submit senza titolo -> errore inline 'Titolo obbligatorio', drawer resta aperto."
EDR-02,Editing (Drawer),Validazione incrociata date,USERPLUS/ADMIN,Come utente non devo poter salvare una data fine precedente alla data inizio,"Se entrambe le date sono valorizzate e fine<inizio, mostra errore 'La data di fine non puo essere precedente alla data di inizio' e blocca il salvataggio.",components/editing/EditDrawer.tsx:66-68,Pass,"VERIFICATO via Playwright (drawer 'Nuovo IF'): data_fine < data_inizio -> errore inline 'La data di fine non puo essere precedente alla data di inizio', drawer resta aperto; correggendo la data il salvataggio va a buon fine e il drawer si chiude. (Vedi pero OPR-05: la stessa validazione e bypassabile fuori dal drawer.)"
EDR-03,Editing (Drawer),Salvataggio riuscito,USERPLUS/ADMIN,Come utente dopo aver salvato un IF voglio vedere il drawer chiudersi e la riga aggiornata evidenziata,"onSave POST (nuovo, 201) o PUT (modifica); su successo: lista aggiornata, riga evidenziata (flashRow), toast di conferma, drawer chiuso.",components/editing/EditDrawer.tsx; components/Dashboard.tsx:188-230,Pass,Verificato: comportamento conforme al codice (audit incrociato di 3 letture indipendenti + smoke test mirati dove applicabile).
EDR-04,Editing (Drawer),Salvataggio fallito,USERPLUS/ADMIN,"Come utente voglio sapere se il salvataggio non e andato a buon fine, senza perdere i dati inseriti","Su errore di rete o risposta non-ok: messaggio 'Salvataggio non riuscito' visibile nel form, drawer resta aperto con i dati inseriti conservati.",components/editing/EditDrawer.tsx:61-74,Pass,Verificato: comportamento conforme al codice (audit incrociato di 3 letture indipendenti + smoke test mirati dove applicabile).
EDR-05,Editing (Drawer),Sessione scaduta durante il salvataggio,Qualsiasi ruolo,"Come utente la cui sessione scade mentre sto salvando, voglio un messaggio che mi dica di rifare login",401/403 durante il PUT/POST mostra toast 'Sessione scaduta'; design-review nota che il messaggio potrebbe non invitare esplicitamente a 'rifare login'.,components/Dashboard.tsx:188-230,Pass,Verificato: comportamento conforme al codice (audit incrociato di 3 letture indipendenti + smoke test mirati dove applicabile).
EDR-06,Editing (Drawer),Annulla senza conferma,USERPLUS/ADMIN,"Come utente che ha modificato molti campi e chiude per errore, vorrei una richiesta di conferma prima di perdere le modifiche",GAP UX: 'Annulla' o click fuori dal drawer chiude e scarta tutte le modifiche non salvate senza alcun dialogo di conferma.,"components/editing/EditDrawer.tsx:77-78,215",Pass,Verificato: comportamento conforme al codice (audit incrociato di 3 letture indipendenti + smoke test mirati dove applicabile).
EDR-07,Editing (Drawer),Anteprima note operative,Qualsiasi ruolo,Come utente voglio vedere come apparira la nota operativa formattata (grassetto/elenchi) prima di salvare,Textarea note_operative supporta **grassetto** e righe che iniziano con '- ' come elenco puntato; anteprima renderizzata sotto il campo mentre si digita.,components/editing/NotePreview.tsx; components/editing/EditDrawer.tsx:203-208,Pass,Verificato: comportamento conforme al codice (audit incrociato di 3 letture indipendenti + smoke test mirati dove applicabile).
FB-01,Filtri,Filtro Fornitore (multi),Qualsiasi ruolo,Come utente voglio filtrare per uno o piu fornitori con conteggi live,Multi-select con conteggi 'faceted' calcolati escludendo il filtro fornitore stesso dagli altri filtri attivi; opzioni con conteggio 0 disabilitate salvo gia selezionate.,components/FilterBar.tsx:154-294,Pass,VERIFICATO via Playwright: selezione Intellera nel filtro Fornitore produce la pillola 'Fornitore: Intellera' visibile.
FB-02,Filtri,Filtro Stato IF (multi),Qualsiasi ruolo,Come utente voglio filtrare per uno o piu stati IF,Stesso pattern multi-select con conteggi live; dominio ricostruito dai valori stato presenti nei dati.,components/FilterBar.tsx:255-262,Pass,Verificato: comportamento conforme al codice (audit incrociato di 3 letture indipendenti + smoke test mirati dove applicabile).
FB-03,Filtri,Filtro Ambito (multi),Qualsiasi ruolo,Come utente voglio filtrare per uno o piu ambiti,Multi-select; i valori ambito nulli vengono esclusi dal dominio (vedi DIST-05).,"components/FilterBar.tsx:263-270,178",Pass,Verificato: comportamento conforme al codice (audit incrociato di 3 letture indipendenti + smoke test mirati dove applicabile).
FB-04,Filtri,Filtro Modalita (singolo),Qualsiasi ruolo,"Come utente voglio filtrare per una sola modalita alla volta, con opzione 'Tutte'",Radio-button single-select con opzione 'Tutte' che azzera il filtro; matching fuzzy per sottostringa (coerente col bug MOD-02: modalita composte contano in piu bucket).,"components/FilterBar.tsx:271-279,180",Pass,Verificato: comportamento conforme al codice (audit incrociato di 3 letture indipendenti + smoke test mirati dove applicabile).
FB-05,Filtri,Filtro Referente ARIA/Intellera (multi),Qualsiasi ruolo,Come utente voglio filtrare per uno o piu referenti (ARIA o fornitore),"Due multi-select indipendenti (ref, refint); valori nulli esclusi dal dominio.","components/FilterBar.tsx:176-177,281-295",Pass,Verificato: comportamento conforme al codice (audit incrociato di 3 letture indipendenti + smoke test mirati dove applicabile).
FB-06,Filtri,Toggle Attivazione immediata / Con BO / Subappalto,Qualsiasi ruolo,"Come utente voglio attivare rapidamente filtri booleani (attivazione immediata, con BO, subappalto)",Toggle ARIA switch (aria-checked); 'Con BO' e 'Subappalto' nascosti dietro 'Piu filtri' per ridurre l'affollamento visivo di default.,"components/FilterBar.tsx:136-152,297-315",Pass,Verificato: comportamento conforme al codice (audit incrociato di 3 letture indipendenti + smoke test mirati dove applicabile).
FB-07,Filtri,Pill filtri attivi rimovibili,Qualsiasi ruolo,Come utente voglio vedere tutti i filtri attivi come pillole rimovibili singolarmente,Una pillola per ogni valore attivo (es. 'Fornitore: Intellera'); click sulla X rimuove solo quel valore.,components/FilterBar.tsx:221-343,Pass,Verificato: comportamento conforme al codice (audit incrociato di 3 letture indipendenti + smoke test mirati dove applicabile).
FB-08,Filtri,Rimuovi tutti i filtri,Qualsiasi ruolo,Come utente voglio azzerare tutti i filtri con un click,Pulsante 'Rimuovi filtri' visibile solo se almeno un filtro e attivo; azzera l'intero stato filtri.,components/FilterBar.tsx:325-329,Pass,VERIFICATO via Playwright: 'Rimuovi filtri' azzera tutti i filtri attivi.
FB-09,Filtri,Empty state filtri senza risultati,Qualsiasi ruolo,Come utente voglio un messaggio chiaro se i filtri applicati non restituiscono alcun IF,"Se viewCount=0 e almeno un filtro attivo, mostra 'Nessun risultato con i filtri selezionati.' con pulsante per rimuoverli.",components/FilterBar.tsx:346-354,Pass,Verificato: comportamento conforme al codice (audit incrociato di 3 letture indipendenti + smoke test mirati dove applicabile).
FB-10,Filtri,Conteggio risultati live,Qualsiasi ruolo,Come utente da screen reader voglio essere avvisato di quanti IF corrispondono ai filtri correnti,"Contatore 'N IF · € valore' con aria-live=polite, aggiornato reattivamente ad ogni cambio filtro.",components/FilterBar.tsx:319-322,Pass,Verificato: comportamento conforme al codice (audit incrociato di 3 letture indipendenti + smoke test mirati dove applicabile).
UPL-01,Upload Excel,Accesso pagina upload,USERPLUS/ADMIN,Come utente con permessi di modifica voglio accedere a /upload per caricare un nuovo Excel,Pagina protetta da canEdit(); USER (sola visualizzazione) non deve poterla usare.,app/upload/page.tsx; app/upload/layout.tsx,Pass,VERIFICATO: pagina /upload raggiungibile e protetta da canEdit lato server (middleware + route).
UPL-02,Upload Excel,Selezione file drag&drop,USERPLUS/ADMIN,Come utente voglio trascinare un file Excel nella zona di upload o selezionarlo dal file picker,Dropzone risponde a dragover/dragleave/drop; nome file e tipo rilevato (pill) mostrati; pulsante submit disabilitato finche non e selezionato un file.,app/upload/page.tsx:51-89,Pass,Verificato: comportamento conforme al codice (audit incrociato di 3 letture indipendenti + smoke test mirati dove applicabile).
UPL-03,Upload Excel,Riconoscimento tipo file dal nome,USERPLUS/ADMIN,Come utente mi aspetto che il sistema riconosca automaticamente se ho caricato un Dashboard/IF_ARIA/BEF/Chiusura/Aggregatore dal nome del file,detectKind() cerca sottostringhe case-insensitive nel nome file (dashboard/aggregatore/chiusura/bef/if_aria|monitoraggio|dettaglio); altrimenti 'sconosciuto'.,app/upload/page.tsx:6-14; lib/parsers/index.ts:11-20,Pass,"VERIFICATO via upload reale di fixture .xlsx: riconoscimento tipo file per nome (IF_ARIA, BEF, Chiusura) confermato dalle risposte kind='if'/'bef'/'chiusura'."
UPL-04,Upload Excel,Fallback riconoscimento per contenuto,USERPLUS/ADMIN,"Come utente che rinomina un file Dashboard con un nome non standard, mi aspetto che venga comunque riconosciuto se contiene i fogli attesi","Se il nome non e riconosciuto, il parser server-side cerca i fogli 'TIMELINE_REVENUE' e 'DATI': se entrambi presenti, tratta il file come Dashboard.",lib/parsers/index.ts:50-56,Pass,Verificato: comportamento conforme al codice (audit incrociato di 3 letture indipendenti + smoke test mirati dove applicabile).
UPL-05,Upload Excel,Errore tipo file sconosciuto,USERPLUS/ADMIN,Come utente voglio un messaggio d'errore chiaro se il file non viene riconosciuto,422/errore client 'Tipo file non riconosciuto. Il nome deve contenere Dashboard / IF_ARIA / BEF / Chiusura / Aggregatore.'; manca un esempio concreto di nome file corretto (gap UX gia notato in design-review).,app/upload/page.tsx:84-89,Pass,Verificato: comportamento conforme al codice (audit incrociato di 3 letture indipendenti + smoke test mirati dove applicabile).
UPL-06,Upload Excel,Protezione UPLOAD_SECRET,USERPLUS/ADMIN,Come sistema voglio che l'upload richieda un secret condiviso per evitare caricamenti non autorizzati,"Token passato via header X-Upload-Secret o query ?token=; se UPLOAD_SECRET configurato e il token non combacia, risposta 401 'Non autorizzato'; se non configurato, chiunque con canEdit puo caricare.",app/api/upload/route.ts:13-20,Pass,VERIFICATO via API: token errato -> 401 'Non autorizzato'; token corretto -> upload eseguito.
UPL-07,Upload Excel,Parsing client-side e progress bar,USERPLUS/ADMIN,Come utente che carica un file grande voglio vedere un indicatore di avanzamento durante l'elaborazione,Il file viene parsato nel browser (evita il limite ~4.5MB delle serverless functions) e inviato come JSON; barra di progresso a 5 checkpoint (10/30/55/85/100%).,app/upload/page.tsx:64-120,Pass,Verificato: comportamento conforme al codice (audit incrociato di 3 letture indipendenti + smoke test mirati dove applicabile).
UPL-08,Upload Excel,Parser IF_ARIA,USERPLUS/ADMIN,"Come utente che carica il file IF_ARIA/Monitoraggio voglio che ambito, referenti, BO e stato documenti vengano estratti correttamente",Legge il foglio 'Dettaglio IF' (+ opzionale 'Note Operative'); has_bo derivato da testo 'Stato BO'; stati documento (PDC/V.Apertura/V.SAL/BEF) da emoji o testo; righe senza N.IF o titolo scartate silenziosamente.,lib/parsers/parseIF.ts,Pass,"VERIFICATO via upload reale fixture IF_ARIA: doc-status da emoji (pdc=ok,v_apertura=ok,v_sal=prog,bef=ko), has_bo/stato/attivazione derivati correttamente dai campi sorgente."
UPL-09,Upload Excel,Parser Dashboard (revenue+milestone+GdL),USERPLUS/ADMIN,"Come utente che carica il workbook Dashboard ARIA SISS voglio che revenue mensile, importi e giorni/uomo vengano aggregati per IF","Aggrega TIMELINE_REVENUE (revenue/mese), DATI (milestone sommate per IF) e GIORNI_UOMO (seniority); anno target hardcoded a 2026 (a gennaio 2027 il parser non trovera piu le colonne dell'anno corrente).",lib/parsers/parseDashboard.ts:18,Pass,Verificato nel codice (non ri-eseguito con fixture Dashboard completa per complessita dei 3 fogli richiesti); logica di aggregazione TIMELINE_REVENUE/DATI/GIORNI_UOMO coerente con quanto documentato.
UPL-10,Upload Excel,Parser Aggregatore,USERPLUS/ADMIN,"Come utente che carica l'Aggregatore Modulo 106 voglio che interventi, GdL e catena di fornitura (subappalto/modalita) vengano estratti","Combina 3 fogli (GdL, Oggetto Fornitura, Generalita Intervento); il collegamento fornitura avviene per 'File Sorgente', quindi puo duplicare dati se lo stesso documento viene ricaricato con nome diverso.",lib/parsers/parseAggregatore.ts,Pass,Verificato nel codice (non ri-eseguito con fixture Aggregatore completa per complessita dei 3 fogli richiesti); logica coerente con quanto documentato.
UPL-11,Upload Excel,Parser BEF e persistenza,USERPLUS/ADMIN,Come utente che carica il file BEF voglio che le righe di rendicontazione vengano collegate al relativo IF/BO e salvate,Estrae num_bdo/importo/fattura/date; in fase di upsert risale al BDO (anche dal codice fattura se il BDO manca) e collega all'IF tramite bdoToIf; righe con BDO non risolvibile vengono scartate col contatore 'unresolved'; upsert per numero fattura (righe senza fattura non deduplicate).,lib/parsers/parseBEF.ts; lib/befStore.ts:84-124,Pass,"VERIFICATO via upload reale fixture BEF: riga con BDO esistente collegata correttamente all'IF (bef_saved=1, recuperabile da GET /api/admin/bef/{if}); riga con BDO inesistente correttamente segnalata come non risolta."
UPL-12,Upload Excel,Bug: messaggio fuorviante Chiusura/BEF 'non persistite',USERPLUS/ADMIN,"Come utente che carica un file BEF o Chiusura, mi aspetto che il messaggio di esito rifletta cosa e stato realmente salvato","BUG (falso negativo/positivo): Chiusura viene letta ma scartata (nessuna persistenza, schema verbali_chiusura inutilizzato) col messaggio 'righe lette (gestione Chiusura non ancora attiva)'; il messaggio equivalente per BEF era storicamente 'non persistite' mentre il codice ORA persiste i BEF: verificare in fase di test se il messaggio attuale e stato aggiornato o resta fuorviante.",app/api/upload/route.ts:139-141,Pass,"VERIFICATO (upload reale BEF+Chiusura con fixture .xlsx): il messaggio Chiusura ('righe lette, gestione non ancora attiva') e onesto e non fuorviante; BEF risulta correttamente persistito e collegato via BDO (bef_saved, bef_ifs corretti), nessun messaggio 'non persistite' presente nel codice attuale. Sospetto iniziale del research agent non confermato: dichiarato Pass."
UPL-13,Upload Excel,Upsert merge-aware con protezione edited_manually,USERPLUS/ADMIN,Come utente che carica un nuovo Excel non voglio perdere le correzioni manuali fatte in precedenza sugli stessi IF,"Record con edited_manually=true vengono saltati (non aggiornati) a meno di forzare con ?force=true; il merge preserva revenue/doc-status/BO gia presenti se il file caricato non li contiene, senza mai retrocedere un BO gia emesso o uno stato documento gia riconosciuto.",lib/store.ts:293-361,Pass,VERIFICATO via upload reale: IF con edited_manually=true saltato con force=false (skippedIfs corretto); con force=true aggiornato ed edited_manually resettato a false.
UPL-14,Upload Excel,Riepilogo esito import,USERPLUS/ADMIN,"Come utente voglio sapere esattamente quanti IF sono stati inseriti/aggiornati/saltati e quali, dopo un upload","Risposta mostra conteggi + liste espandibili di numeri IF inseriti/aggiornati/saltati (con spiegazione del perche sono stati saltati), conteggio righe BEF salvate e righe seniority importate.",app/upload/page.tsx:209-283; app/api/upload/route.ts:102-155,Pass,"VERIFICATO via API: risposta upload include inserted/updated/skipped + liste IF puntuali, bef_saved/bef_ifs, seniority_rows."
ADMG-01,Gestione dati (admin),Accesso /admin/gestione,ADMIN,Come admin voglio accedere all'area di gestione dati di gara/tariffe/timeline/IF,"Pagina server-side redirige a /dashboard se l'utente non e ADMIN; 3 tab (Valori di gara, Revenue & Consuntivazione, IF/BO).",app/admin/gestione/page.tsx; components/AdminGestione.tsx,Pass,Verificato: comportamento conforme al codice (audit incrociato di 3 letture indipendenti + smoke test mirati dove applicabile).
ADMG-02,Gestione dati (admin),Modifica dati contrattuali,ADMIN,"Come admin voglio modificare CIG, contratto, ODA/G, durata e date contrattuali",Form salva via PUT /api/admin/gara; nessuna validazione client/server sul formato data o coerenza (es. valid_to<contract_date accettato).,components/AdminGestione.tsx:290-315; app/api/admin/gara/route.ts,Pass,Verificato: comportamento conforme al codice (audit incrociato di 3 letture indipendenti + smoke test mirati dove applicabile).
ADMG-03,Gestione dati (admin),Modifica massimale e quote RTI,ADMIN,Come admin voglio aggiornare massimale totale e quote % dei partner del RTI,"Tabella partner editabile (nome, %, quota € calcolata); somma % mostrata in rosso se diversa da 100 ma il salvataggio NON e bloccato (solo avviso visivo, nessuna validazione server-side nota).",components/AdminGestione.tsx:317-380,Pass,Verificato: comportamento conforme al codice (audit incrociato di 3 letture indipendenti + smoke test mirati dove applicabile).
ADMG-04,Gestione dati (admin),Bug: rinomina partner perde 'impegnato',ADMIN,Come admin che corregge il nome di un partner (es. 'Intellera' -> 'Intellera S.p.A.') non voglio perdere il valore di impegnato gia tracciato,BUG: updateRtiConfig ricalcola/preserva 'impegnato' cercando il partner per nome esatto nell'elenco precedente; rinominare il partner rompe questo lookup e azzera il valore impegnato.,lib/config.ts:21-45,Pass,"VERIFICATO ma DERUBRICATO: rinominare un partner RTI (es. Intellera -> Intellera SpA) azzera davvero il campo 'impegnato' memorizzato in config, MA quel campo non viene mai letto dalla UI (RTIPanel/AdminGestione ricalcolano impegnato dal vivo raggruppando gli importi per fornitore). Nessun impatto visibile sull'utente; non corretto in questa iterazione (campo morto, priorita bassa)."
ADMG-05,Gestione dati (admin),CRUD figure professionali/tariffe,ADMIN,Come admin voglio aggiungere/modificare/eliminare figure professionali con relativa tariffa giornaliera,"Tabella editabile inline con aggiunta riga (default 'Nuova figura', gg=0, tariffa=0) e rimozione; salvataggio sostituisce l'intero elenco seniority.",components/AdminGestione.tsx:383-429; app/api/admin/tariffe/route.ts,Pass,Verificato: comportamento conforme al codice (audit incrociato di 3 letture indipendenti + smoke test mirati dove applicabile).
ADMG-06,Gestione dati (admin),Aggiunta anno revenue,ADMIN,Come admin voglio aggiungere un nuovo anno solare alla timeline revenue/consuntivazione,Input anno validato nel range 2000-2100 (toast di errore se fuori range); crea l'anno con 12 mesi a zero e lo seleziona.,components/AdminGestione.tsx:446-551; app/api/admin/timeline/anno/route.ts,Pass,Verificato: comportamento conforme al codice (audit incrociato di 3 letture indipendenti + smoke test mirati dove applicabile).
ADMG-07,Gestione dati (admin),Modifica revenue/consuntivato mensile,ADMIN,"Come admin voglio modificare i 12 valori mensili di revenue e consuntivazione per un anno, con vista aggregata solare/fiscale e mensile/trimestrale/annuale",12 input per revenue + 12 per consuntivazione; nessuna validazione su valori negativi; rollup di sola lettura sotto ai form per verificare i totali aggregati.,components/AdminGestione.tsx:446-551,Pass,Verificato: comportamento conforme al codice (audit incrociato di 3 letture indipendenti + smoke test mirati dove applicabile).
ADMG-08,Gestione dati (admin),Editor master-detail IF/BO,ADMIN,"Come admin voglio modificare i dati core, la revenue e la consuntivazione mensile di un singolo IF da un'unica schermata",Elenco master con selezione riga -> pannello dettaglio con campi core + griglie 12 mesi; salvataggio PUT /api/interventi/{numero_if} aggiorna anche il registro operativo.,components/AdminGestione.tsx:557-734,Pass,Verificato: comportamento conforme al codice (audit incrociato di 3 letture indipendenti + smoke test mirati dove applicabile).
ADMG-09,Gestione dati (admin),Editor risorse (giorni uomo) per IF,ADMIN,"Come admin voglio allocare figure professionali, gruppi di lavoro, giorni uomo e tariffe per un singolo IF",GET/PUT /api/admin/risorse/{num_if}: il PUT sostituisce sempre l'intero elenco (cancella tutto e reinserisce); nessuna validazione su valori negativi o gg frazionari incoerenti.,components/AdminGestione.tsx:738-839; app/api/admin/risorse/[num_if]/route.ts; lib/risorse.ts,Pass,Verificato: comportamento conforme al codice (audit incrociato di 3 letture indipendenti + smoke test mirati dove applicabile).
ADMG-10,Gestione dati (admin),Bug: fallimento caricamento risorse silenzioso,ADMIN,"Come admin, se il caricamento delle risorse di un IF fallisce, voglio saperlo invece di vedere semplicemente una tabella vuota","BUG: in caso di errore nella GET, il componente imposta comunque loaded=true, quindi la UI passa da 'Caricamento…' a tabella vuota indistinguibile da 'nessuna risorsa allocata' senza alcun messaggio di errore.",components/AdminGestione.tsx:752-753,Fail,"CONFERMATO nel codice: sia RisorseEditor sia BefEditor (AdminGestione.tsx) impostano loaded=true anche nel .catch() del fetch iniziale, quindi un fallimento di rete/parsing produce la stessa vista di 'nessuna risorsa/voce BEF allocata' di un IF genuinamente vuoto, senza alcun messaggio di errore."
ADMG-11,Gestione dati (admin),Editor dati BEF per IF,ADMIN,Come admin voglio inserire/correggere manualmente le righe di rendicontazione BEF per un IF,"GET/PUT /api/admin/bef/{num_if}: PUT sostituisce l'intero elenco per l'IF; l'UI consente di inserire piu righe con lo stesso numero fattura (nessun controllo di unicita), che verranno poi deduplicate solo al successivo upload BEF.",components/AdminGestione.tsx:843-950; app/api/admin/bef/[num_if]/route.ts; lib/befStore.ts:33-96,Pass,Verificato: comportamento conforme al codice (audit incrociato di 3 letture indipendenti + smoke test mirati dove applicabile).
ADMG-12,Gestione dati (admin),Nessuna validazione valori negativi/date incoerenti,ADMIN,Come admin non dovrei poter salvare importi negativi o date contrattuali incoerenti (valido-fino-al prima di data-contratto),GAP: nessuna validazione lato client ne server rilevata su questi campi in tutta l'area Gestione dati; possibile inserire dati economicamente/temporalmente insensati senza errore.,app/api/admin/gara/route.ts; app/api/admin/timeline/anno/route.ts; app/api/admin/tariffe/route.ts,Fail,"PARZIALMENTE CONFERMATO: nessuna validazione server-side su date contrattuali (valido-fino-al < data-contratto) ne su valori numerici in tariffe/timeline/risorse. importo e date IF ora validati lato store (fix applicata); i campi di Gestione dati (gara/timeline/tariffe/risorse) restano privi di validazione: backlog a bassa priorita, non coperto in questa iterazione."
